Gibbs 10 Times log Base 10:,,,,,,,,,,,,,,,,,,,,
,A,R,N,D,C,Q,E,G,H,I,L,K,M,F,P,S,T,W,Y,V
A,6,,,,,,,,,,,,,,,,,,,
R,-3,8,,,,,,,,,,,,,,,,,,
N,-3,-1,8,,,,,,,,,,,,,,,,,
D,-3,-1,2,9,,,,,,,,,,,,,,,,
C,-3,-4,-1,-3,11,,,,,,,,,,,,,,,
Q,-3,1,0,0,-3,8,,,,,,,,,,,,,,
E,-2,0,0,1,-3,1,8,,,,,,,,,,,,,
G,-2,-3,-1,-3,-4,-3,-4,7,,,,,,,,,,,,
H,-3,1,1,0,-2,2,0,-2,11,,,,,,,,,,,
I,-2,-2,-3,-4,-5,-2,-3,-5,-3,7,,,,,,,,,,
L,-2,-2,-3,-3,-4,-1,-2,-3,-2,2,6,,,,,,,,,
K,-2,3,0,0,-4,2,1,-3,1,-2,-2,7,,,,,,,,
M,-1,-2,-2,-4,-3,1,-3,-3,-3,1,2,-1,11,,,,,,,
F,-3,-1,-2,-3,-4,-1,-4,-4,-1,0,2,-2,1,9,,,,,,
P,-2,-2,-1,-1,-4,-1,-2,-3,-2,-3,-2,-1,-3,-3,9,,,,,
S,0,-1,0,-1,-3,-1,-1,-2,-1,-3,-3,-1,-3,-3,-1,6,,,,
T,-2,-1,0,-2,-4,-1,-1,-3,-1,-1,-1,0,-1,-2,-2,1,7,,,
W,-4,0,-3,-4,-6,-2,-2,-4,-2,-1,0,-1,-1,3,-1,-2,-3,16,,
Y,-4,0,-1,-3,-3,-1,-2,-3,1,-2,-1,-1,-1,5,-3,-3,-2,2,11,
V,-1,-2,-3,-3,-3,-2,-2,-5,-2,3,1,-1,1,0,-2,-3,0,-1,-2,6