Gibbs Positive Matrix (+4):,,,,,,,,,,,,,,,,,,,,
,A,R,N,D,C,Q,E,G,H,I,L,K,M,F,P,S,T,W,Y,V
A,8,,,,,,,,,,,,,,,,,,,
R,2,10,,,,,,,,,,,,,,,,,,
N,2,4,10,,,,,,,,,,,,,,,,,
D,2,3,5,10,,,,,,,,,,,,,,,,
C,2,1,3,2,11,,,,,,,,,,,,,,,
Q,2,5,4,4,2,10,,,,,,,,,,,,,,
E,3,4,4,5,2,5,9,,,,,,,,,,,,,
G,3,2,3,2,1,2,2,8,,,,,,,,,,,,
H,2,4,5,4,3,5,4,3,11,,,,,,,,,,,
I,2,3,2,2,0,3,2,1,2,9,,,,,,,,,,
L,3,3,2,2,1,3,2,2,3,5,8,,,,,,,,,
K,2,6,4,4,1,6,5,2,4,3,3,9,,,,,,,,
M,3,3,2,1,2,5,2,2,2,5,6,3,11,,,,,,,
F,2,3,3,2,2,3,2,2,3,4,5,3,5,10,,,,,,
P,3,3,3,3,1,3,3,2,3,2,3,4,2,2,10,,,,,
S,4,3,4,3,2,3,3,3,3,2,2,4,2,2,3,8,,,,
T,3,4,4,3,1,3,3,2,3,3,3,4,3,3,3,5,8,,,
W,1,4,2,2,0,3,3,1,3,3,4,3,3,6,3,2,2,15,,
Y,2,4,3,2,2,3,3,2,5,3,3,4,3,8,2,2,2,5,11,
V,4,3,2,2,2,3,2,1,2,6,5,3,5,4,3,2,4,3,3,8