MEME Positive Matrix (+8):,,,,,,,,,,,,,,,,,,,,
,A,R,N,D,C,Q,E,G,H,I,L,K,M,F,P,S,T,W,Y,V
A,13,,,,,,,,,,,,,,,,,,,
R,5,15,,,,,,,,,,,,,,,,,,
N,5,7,15,,,,,,,,,,,,,,,,,
D,4,5,9,15,,,,,,,,,,,,,,,,
C,5,2,5,2,16,,,,,,,,,,,,,,,
Q,6,9,7,7,3,15,,,,,,,,,,,,,,
E,6,6,7,9,2,9,15,,,,,,,,,,,,,
G,7,3,7,5,2,4,4,14,,,,,,,,,,,,
H,6,7,9,7,3,9,7,4,17,,,,,,,,,,,
I,5,4,3,2,2,4,3,0,4,14,,,,,,,,,,
L,5,5,4,2,3,6,4,2,5,9,14,,,,,,,,,
K,6,10,7,6,2,10,8,4,7,4,5,15,,,,,,,,
M,6,5,5,3,3,8,4,2,6,9,10,5,16,,,,,,,
F,4,4,4,2,4,4,3,1,6,7,8,3,7,16,,,,,,
P,6,5,5,5,2,6,6,3,5,4,4,6,4,3,16,,,,,
S,9,6,8,6,4,6,6,6,7,3,4,6,5,3,6,14,,,,
T,7,6,7,5,5,7,6,4,6,6,6,7,6,4,5,9,14,,,
W,5,6,4,3,4,6,4,4,7,5,7,6,6,10,4,4,4,19,,
Y,4,5,6,3,3,5,4,2,9,4,5,5,5,11,3,4,5,11,16,
V,7,4,4,2,4,5,4,1,4,11,8,5,8,6,5,5,8,4,5,14