MEME 10 Times log Base 10:,,,,,,,,,,,,,,,,,,,,
,A,R,N,D,C,Q,E,G,H,I,L,K,M,F,P,S,T,W,Y,V
A,8,,,,,,,,,,,,,,,,,,,
R,-5,10,,,,,,,,,,,,,,,,,,
N,-4,-2,11,,,,,,,,,,,,,,,,,
D,-5,-5,1,11,,,,,,,,,,,,,,,,
C,-4,-9,-5,-8,13,,,,,,,,,,,,,,,
Q,-3,1,-1,-1,-8,11,,,,,,,,,,,,,,
E,-3,-2,-2,2,-10,2,10,,,,,,,,,,,,,
G,-2,-7,-2,-4,-9,-6,-6,9,,,,,,,,,,,,
H,-3,-1,1,-2,-8,1,-1,-5,13,,,,,,,,,,,
I,-4,-6,-8,-10,-8,-6,-7,-11,-6,9,,,,,,,,,,
L,-5,-5,-6,-8,-7,-3,-6,-9,-4,2,8,,,,,,,,,
K,-4,3,-1,-3,-10,2,0,-6,-1,-5,-4,10,,,,,,,,
M,-3,-4,-5,-8,-7,0,-6,-9,-4,1,3,-4,13,,,,,,,
F,-7,-7,-5,-9,-7,-6,-8,-10,-3,-2,0,-7,-2,11,,,,,,
P,-3,-4,-5,-5,-9,-3,-3,-7,-4,-7,-5,-3,-6,-8,12,,,,,
S,1,-4,-1,-3,-5,-2,-3,-3,-2,-7,-6,-3,-5,-7,-3,9,,,,
T,-2,-2,-1,-4,-5,-2,-3,-7,-2,-2,-3,-2,-3,-6,-5,2,9,,,
W,-5,-3,-6,-7,-7,-3,-5,-6,-2,-5,-2,-3,-3,3,-5,-6,-5,17,,
Y,-6,-5,-3,-7,-8,-4,-6,-8,1,-6,-4,-5,-5,4,-7,-6,-5,4,12,
V,-2,-6,-6,-9,-5,-4,-5,-10,-5,5,0,-5,-1,-3,-5,-5,-1,-6,-5,8